1933,NFL,100,LeagueChampionship,NFL Chamionship,Bears,23,21,,Giants,Wrigley Field,26000,,,
1934,NFL,100,LeagueChampionship,NFL Chamionship,Giants,30,13,,Bears,Polo Grounds,35059,,,
1935,NFL,100,LeagueChampionship,NFL Chamionship,Lions,26,7,,Giants,University of Stadium,15000,,,
1936,NFL,100,LeagueChampionship,NFL Chamionship,Packers,21,6,,Redskins,Polo Grounds,29545,,,
1937,NFL,100,LeagueChampionship,NFL Chamionship,Redskins,28,21,,Bears,Wrigley Field,15870,,,
1938,NFL,100,LeagueChampionship,NFL Chamionship,Giants,23,17,,Packers,Polo Grounds,48120,,,
1939,NFL,100,LeagueChampionship,NFL Chamionship,Packers,27,0,,Giants,Dairy Bowl,32279,,,
1940,NFL,100,LeagueChampionship,NFL Chamionship,Bears,73,0,,Redskins,Griffith Stadium,36034,,,
1941,NFL,50,Playoff,Western Division Playoff,Bears,33,14,,Packers,,,,,
1941,NFL,100,LeagueChampionship,NFL Chamionship,Bears,37,9,,Giants,Wrigley Field,13341,,,
1942,NFL,100,LeagueChampionship,NFL Chamionship,Redskins,14,6,,Bears,Griffith Stadium,36006,,,
1943,NFL,50,Playoff,Eastern Division Playoff,Redskins,28,0,,Giants,,,,,
1943,NFL,100,LeagueChampionship,NFL Chamionship,Bears,41,21,,Redskins,Wrigley Field,34320,,,
1944,NFL,100,LeagueChampionship,NFL Chamionship,Packers,14,7,,Giants,Polo Grounds,46016,,,
1945,NFL,100,LeagueChampionship,NFL Chamionship,Rams,15,14,,Redskins,Municipal Stadium,32178,,,
1946,NFL,100,LeagueChampionship,NFL Chamionship,Bears,24,14,,Giants,Polo Grounds,58346,,,
1947,NFL,50,Playoff,Eastern Division Playoff,Eagles,21,0,,Steelers,,,,,
1947,NFL,100,LeagueChampionship,NFL Chamionship,Cardinals,28,21,,Eagles,Comiskey Park,30759,,,
1948,NFL,100,LeagueChampionship,NFL Chamionship,Eagles,7,0,,Cardinals,Shibe Park,36309,,,
1949,NFL,100,LeagueChampionship,NFL Chamionship,Eagles,14,0,,Rams,Memorial Coliseum,27980,,,
1950,NFL,50,Playoff,American Conference Playoff,Browns,8,3,,Giants,,,,,
1950,NFL,50,Playoff,National Conference Playoff,Rams,24,14,,Bears,,,,,
1950,NFL,100,LeagueChampionship,NFL Chamionship,Browns,30,28,,Rams,Municipal Stadium,29751,,,
1951,NFL,100,LeagueChampionship,NFL Chamionship,Rams,24,17,,Browns,Memorial Coliseum,57522,,,
1952,NFL,50,Playoff,National Conference Playoff,Lions,31,21,,Rams,,,,,
1952,NFL,100,LeagueChampionship,NFL Chamionship,Lions,17,7,,Browns,Municipal Stadium,50934,,,
1953,NFL,100,LeagueChampionship,NFL Chamionship,Lions,17,16,,Browns,Briggs Stadium,54577,,,
1954,NFL,100,LeagueChampionship,NFL Chamionship,Browns,56,10,,Lions,Municipal Stadium,43827,,,
1955,NFL,100,LeagueChampionship,NFL Chamionship,Browns,38,14,,Rams,Memorial Coliseum,85693,,,
1956,NFL,100,LeagueChampionship,NFL Chamionship,Giants,47,7,,Bears,Yankee Stadium,56836,,,
1957,NFL,50,Playoff,Western Conference Playoff,Lions,31,27,,49ers,,,,,
1957,NFL,100,LeagueChampionship,League Championship,Lions,59,14,,Browns,Briggs Stadium,55263,,,
1958,NFL,50,Playoff,Eastern Conference Playoff,Giants,10,0,,Browns,,,,,
1958,NFL,100,LeagueChampionship,NFL Chamionship,Colts,23,17,OT,Giants,Yankee Stadium,64185,,,
1959,NFL,100,LeagueChampionship,NFL Chamionship,Colts,31,16,,Giants,Memorial Stadium,57545,,,
1960,AFL,100,LeagueChampionship,AFL Championship,Titans,24,16,,Chargers,Jeppesen Stadium,32183,,1-Jan-61,BillyCannon
1960,NFL,100,LeagueChampionship,NFL Chamionship,Eagles,17,13,,Packers,Franklin Field,67325,,,
1961,AFL,100,LeagueChampionship,AFL Championship,Titans,10,3,,Chargers,Balboa Stadium,29556,,24-Dec-61,BillyCannon
1961,NFL,100,LeagueChampionship,NFL Chamionship,Packers,37,0,,Giants,New City Stadium,39029,,,
1962,AFL,100,LeagueChampionship,AFL Championship,Chiefs,20,17,2OT,Chiefs,Jeppesen Stadium (2),37981,,23-Dec-62,JackSpikes
1962,NFL,100,LeagueChampionship,NFL Chamionship,Packers,16,7,,Giants,Yankee Stadium,64892,,,
1963,AFL,100,LeagueChampionship,AFL Championship,Chargers,51,10,,Patriots,Balboa Stadium (2),30127,,5-Jan-64,KeithLincoln
1963,NFL,100,LeagueChampionship,NFL Chamionship,Bears,14,10,,Giants,Wrigley Field,45801,,,
1964,AFL,100,LeagueChampionship,AFL Championship,Bills,20,7,,Chargers,War Memorial Stadium,40242,,26-Dec-64,JackKemp
1964,NFL,100,LeagueChampionship,NFL Chamionship,Browns,27,0,,Colts,Municipal Stadium,79544,,,
1965,NFL,50,Playoff,Western Conference Playoff,Packers,13,10,OT,Colts,,,,,
1965,AFL,100,LeagueChampionship,AFL Championship,Bills,23,0,,Chargers,Balboa Stadium (3),30361,,26-Dec-65,JackKemp
1965,NFL,100,LeagueChampionship,NFL Chamionship,Packers,23,12,,Browns,Lambeau Field,50777,,,
1966,AFL,100,LeagueChampionship,AFL Championship,Chiefs,31,7,,Bills,War Memorial Stadium (2),42080,,1-Jan-67,LenDawson
1966,NFL,100,LeagueChampionship,NFL Chamionship,Packers,34,27,,Cowboys,Lambeau Field,74152,,1/1/1967,
1966,NFL,200,SuperBowl,Super Bowl,Packers,35,10,,Chiefs,Memorial Coliseum,61946,I,,
1967,NFL,25,Playoff,NFL Playoffs,Cowboys,52,14,,Browns,,,,,
1967,NFL,25,Playoff,NFL Playoffs,Packers,28,7,,Rams,,,,,
1967,AFL,100,LeagueChampionship,AFL Championship,Raiders,40,7,,Chiefs,Oakland–Alameda County Coliseum,53330,,31-Dec-67,DaryleLamonica
1967,NFL,100,LeagueChampionship,NFL Chamionship,Packers,21,17,,Cowboys,Lambeau Field,50861,,12/31/1967,
1967,NFL,200,SuperBowl,Super Bowl,Packers,33,14,,Raiders,Orange Bowl,75546,II,,
1968,NFL,25,Playoff,NFL Playoffs,Browns,31,20,,Cowboys,,,,,
1968,NFL,25,Playoff,NFL Playoffs,Colts,24,14,,Vikings,,,,,
1968,AFL,100,LeagueChampionship,AFL Championship,Jets,27,23,,Raiders,Shea Stadium,62627,,29-Dec-68,JoeNamath
1969,NFL,100,LeagueChampionship,NFL Chamionship,Colts,34,0,,Browns,Municipal Stadium,78410,,12/29/1968,
1968,NFL,200,SuperBowl,Super Bowl,Jets,16,7,,Colts,Orange Bowl,75389,III,,
1969,NFL,25,Playoff,NFL Playoffs,Browns,38,14,,Cowboys,,,,,
1969,NFL,25,Playoff,NFL Playoffs,Vikings,23,20,,Rams,,,,,
1969,AFL,100,LeagueChampionship,AFL Championship,Chiefs,17,7,,Raiders,Oakland–Alameda County Coliseum (2),53561,,4-Jan-70,OtisTaylor
1969,NFL,100,LeagueChampionship,NFL Chamionship,Vikings,27,7,,Browns,Viking Stadium,46503,,,
1969,NFL,200,SuperBowl,Super Bowl,Chiefs,23,7,,Vikings,Tulane Stadium,80562,IV,,
1970,NFL,50,Divisional,AFC Divisional,Colts,17,0,,Bengals,,,,,
1970,NFL,50,Divisional,AFC Divisional,Raiders,21,14,,Dolphins,,,,,
1970,NFL,50,Divisional,NFC Divisional,Cowboys,5,0,,Lions,,,,,
1970,NFL,50,Divisional,NFC Divisional,49ers,17,14,,Vikings,,,,,
1970,NFL,100,ConferenceChampionship,AFC Championship,Colts,27,17,,Raiders,,,,,
1970,NFL,100,ConferenceChampionship,NFC Championship,Cowboys,17,10,,49ers,,,,,
1970,NFL,200,SuperBowl,Super Bowl,Colts,16,13,,Cowboys,Orange Bowl,79204,V,,
1971,NFL,50,Divisional,AFC Divisional,Dolphins,27,24,2OT,Chiefs,,,,,
1971,NFL,50,Divisional,AFC Divisional,Colts,20,3,,Browns,,,,,
1971,NFL,50,Divisional,NFC Divisional,Cowboys,20,12,,Vikings,,,,,
1971,NFL,50,Divisional,NFC Divisional,49ers,24,20,,Redskins,,,,,
1971,NFL,100,ConferenceChampionship,AFC Championship,Dolphins,21,0,,Colts,,,,,
1971,NFL,100,ConferenceChampionship,NFC Championship,Cowboys,14,3,,49ers,,,,,
1971,NFL,200,SuperBowl,Super Bowl,Cowboys,24,3,,Dolphins,Tulane Stadium,81023,VI,,
1972,NFL,50,Divisional,AFC Divisional,Steelers,13,7,,Raiders,,,,,
1972,NFL,50,Divisional,AFC Divisional,Dolphins,20,14,,Browns,,,,,
1972,NFL,50,Divisional,NFC Divisional,Cowboys,30,28,,49ers,,,,,
1972,NFL,50,Divisional,NFC Divisional,Redskins,16,3,,Packers,,,,,
1972,NFL,100,ConferenceChampionship,AFC Championship,Dolphins,21,17,,Steelers,,,,,
1972,NFL,100,ConferenceChampionship,NFC Championship,Redskins,26,3,,Cowboys,,,,,
1972,NFL,200,SuperBowl,Super Bowl,Dolphins,14,7,,Redskins,Memorial Coliseum,90182,VII,,
1973,NFL,50,Divisional,AFC Divisional,Raiders,33,14,,Steelers,,,,,
1973,NFL,50,Divisional,AFC Divisional,Dolphins,34,16,,Bengals,,,,,
1973,NFL,50,Divisional,NFC Divisional,Vikings,27,20,,Redskins,,,,,
1973,NFL,50,Divisional,NFC Divisional,Cowboys,27,16,,Rams,,,,,
1973,NFL,100,ConferenceChampionship,AFC Championship,Dolphins,27,10,,Raiders,,,,,
1973,NFL,100,ConferenceChampionship,NFC Championship,Vikings,27,10,,Cowboys,,,,,
1973,NFL,200,SuperBowl,Super Bowl,Dolphins,24,7,,Vikings,Rice Stadium,71882,VIII,,
1974,NFL,50,Divisional,AFC Divisional,Raiders,28,26,,Dolphins,,,,,
1974,NFL,50,Divisional,AFC Divisional,Steelers,32,14,,Bills,,,,,
1974,NFL,50,Divisional,NFC Divisional,Vikings,30,14,,Cardinals,,,,,
1974,NFL,50,Divisional,NFC Divisional,Rams,19,10,,Redskins,,,,,
1974,NFL,100,ConferenceChampionship,AFC Championship,Steelers,24,13,,Raiders,,,,,
1974,NFL,100,ConferenceChampionship,NFC Championship,Vikings,14,10,,Rams,,,,,
1974,NFL,200,SuperBowl,Super Bowl,Steelers,16,6,,Vikings,Tulane Stadium,80997,IX,,
1975,NFL,50,Divisional,AFC Divisional,Steelers,28,10,,Colts,,,,,
1975,NFL,50,Divisional,AFC Divisional,Raiders,31,28,,Bengals,,,,,
1975,NFL,50,Divisional,NFC Divisional,Rams,35,23,,Cardinals,,,,,
1975,NFL,50,Divisional,NFC Divisional,Cowboys,17,14,,Vikings,,,,,
1975,NFL,100,ConferenceChampionship,AFC Championship,Steelers,16,10,,Raiders,,,,,
1975,NFL,100,ConferenceChampionship,NFC Championship,Cowboys,37,7,,Rams,,,,,
1975,NFL,200,SuperBowl,Super Bowl,Steelers,21,17,,Cowboys,Orange Bowl,80187,X,,
1976,NFL,50,Divisional,AFC Divisional,Raiders,24,21,,Patriots,,,,,
1976,NFL,50,Divisional,AFC Divisional,Steelers,40,14,,Colts,,,,,
1976,NFL,50,Divisional,NFC Divisional,Vikings,35,20,,Redskins,,,,,
1976,NFL,50,Divisional,NFC Divisional,Rams,14,12,,Cowboys,,,,,
1976,NFL,100,ConferenceChampionship,AFC Championship,Raiders,24,7,,Steelers,,,,,
1976,NFL,100,ConferenceChampionship,NFC Championship,Vikings,24,13,,Rams,,,,,
1976,NFL,200,SuperBowl,Super Bowl,Raiders,32,14,,Vikings,Rose Bowl,103438,XI,,
1977,NFL,50,Divisional,AFC Divisional,Broncos,34,21,,Steelers,,,,,
1977,NFL,50,Divisional,AFC Divisional,Raiders,37,31,2OT,Colts,,,,,
1977,NFL,50,Divisional,NFC Divisional,Cowboys,37,7,,Bears,,,,,
1977,NFL,50,Divisional,NFC Divisional,Vikings,14,7,,Rams,,,,,
1977,NFL,100,ConferenceChampionship,AFC Championship,Broncos,20,17,,Raiders,,,,,
1977,NFL,100,ConferenceChampionship,NFC Championship,Cowboys,23,6,,Vikings,,,,,
1977,NFL,200,SuperBowl,Super Bowl,Cowboys,27,10,,Broncos,Louisiana Superdome,76400,XII,,
1978,NFL,25,Wildcard,AFC Wildcard,Titans,17,9,,Dolphins,,,,,
1978,NFL,25,Wildcard,NFC Wildcard,Falcons,14,13,,Eagles,,,,,
1978,NFL,50,Divisional,AFC Divisional,Steelers,33,10,,Broncos,,,,,
1978,NFL,50,Divisional,AFC Divisional,Titans,31,14,,Patriots,,,,,
1978,NFL,50,Divisional,NFC Divisional,Cowboys,27,20,,Falcons,,,,,
1978,NFL,50,Divisional,NFC Divisional,Rams,34,10,,Vikings,,,,,
1978,NFL,100,ConferenceChampionship,AFC Championship,Steelers,34,5,,Chiefs,,,,,
1978,NFL,100,ConferenceChampionship,NFC Championship,Cowboys,28,0,,Rams,,,,,
1978,NFL,200,SuperBowl,Super Bowl,Steelers,35,31,,Cowboys,Orange Bowl,79484,XIII,,
1979,NFL,25,Wildcard,AFC Wildcard,Titans,13,7,,Broncos,,,,,
1979,NFL,25,Wildcard,NFC Wildcard,Eagles,27,17,,Bears,,,,,
1979,NFL,50,Divisional,AFC Divisional,Titans,17,14,,Chargers,,,,,
1979,NFL,50,Divisional,AFC Divisional,Steelers,34,14,,Dolphins,,,,,
1979,NFL,50,Divisional,NFC Divisional,Buccaneers,24,17,,Eagles,,,,,
1979,NFL,50,Divisional,NFC Divisional,Rams,21,19,,Cowboys,,,,,
1979,NFL,100,ConferenceChampionship,AFC Championship,Steelers,27,13,,Chiefs,,,,,
1979,NFL,100,ConferenceChampionship,NFC Championship,Rams,9,0,,Buccaneers,,,,,
1979,NFL,200,SuperBowl,Super Bowl,Steelers,31,19,,Rams,Rose Bowl,103985,XIV,,
1980,NFL,25,Wildcard,AFC Wildcard,Raiders,27,7,,Chiefs,,,,,
1980,NFL,25,Wildcard,NFC Wildcard,Cowboys,34,13,,Rams,,,,,
1980,NFL,50,Divisional,AFC Divisional,Chargers,20,14,,Bills,,,,,
1980,NFL,50,Divisional,AFC Divisional,Raiders,14,12,,Browns,,,,,
1980,NFL,50,Divisional,NFC Divisional,Eagles,31,16,,Vikings,,,,,
1980,NFL,50,Divisional,NFC Divisional,Cowboys,30,27,,Falcons,,,,,
1980,NFL,100,ConferenceChampionship,AFC Championship,Raiders,34,27,,Chargers,,,,,
1980,NFL,100,ConferenceChampionship,NFC Championship,Eagles,20,7,,Cowboys,,,,,
1980,NFL,200,SuperBowl,Super Bowl,Raiders,27,10,,Eagles,Louisiana Superdome,76135,XV,,
1981,NFL,25,Wildcard,AFC Wildcard,Bills,31,27,,Jets,,,,,
1981,NFL,25,Wildcard,NFC Wildcard,Giants,27,21,,Eagles,,,,,
1981,NFL,50,Divisional,AFC Divisional,Chargers,41,38,,Dolphins,,,,,
1981,NFL,50,Divisional,AFC Divisional,Bengals,27,20,,Bills,,,,,
1981,NFL,50,Divisional,NFC Divisional,Cowboys,38,0,,Buccaneers,,,,,
1981,NFL,50,Divisional,NFC Divisional,49ers,38,24,,Giants,,,,,
1981,NFL,100,ConferenceChampionship,AFC Championship,Bengals,27,7,,Chargers,,,,,
1981,NFL,100,ConferenceChampionship,NFC Championship,49ers,28,27,,Cowboys,,,,,
1981,NFL,200,SuperBowl,Super Bowl,49ers,26,21,,Bengals,Pontiac Silverdome,81270,XVI,,
1982,NFL,25,Wildcard,AFC Wildcard,Dolphins,28,13,,Patriots,,,,,
1982,NFL,25,Wildcard,AFC Wildcard,Raiders,27,10,,Browns,,,,,
1982,NFL,25,Wildcard,AFC Wildcard,Jets,44,17,,Bengals,,,,,
1982,NFL,25,Wildcard,AFC Wildcard,Chargers,31,28,,Steelers,,,,,
1982,NFL,25,Wildcard,NFC Wildcard,Redskins,31,7,,Lions,,,,,
1982,NFL,25,Wildcard,NFC Wildcard,Packers,41,16,,Cardinals,,,,,
1982,NFL,25,Wildcard,NFC Wildcard,Vikings,30,24,,Falcons,,,,,
1982,NFL,25,Wildcard,NFC Wildcard,Cowboys,30,17,,Buccaneers,,,,,
1982,NFL,50,Divisional,AFC Divisional,Jets,17,14,,Raiders,,,,,
1982,NFL,50,Divisional,AFC Divisional,Dolphins,34,13,,Chargers,,,,,
1982,NFL,50,Divisional,NFC Divisional,Redskins,21,7,,Vikings,,,,,
1982,NFL,50,Divisional,NFC Divisional,Cowboys,37,26,,Packers,,,,,
1982,NFL,100,ConferenceChampionship,AFC Championship,Dolphins,14,0,,Jets,,,,,
1982,NFL,100,ConferenceChampionship,NFC Championship,Redskins,31,17,,Cowboys,,,,,
1982,NFL,200,SuperBowl,Super Bowl,Redskins,27,17,,Dolphins,Rose Bowl,103667,XVII,,
1983,NFL,25,Wildcard,AFC Wildcard,Seahawks,31,7,,Broncos,,,,,
1983,NFL,25,Wildcard,NFC Wildcard,Rams,24,17,,Cowboys,,,,,
1983,NFL,50,Divisional,AFC Divisional,Seahawks,27,20,,Dolphins,,,,,
1983,NFL,50,Divisional,AFC Divisional,Raiders,38,10,,Steelers,,,,,
1983,NFL,50,Divisional,NFC Divisional,49ers,24,23,,Lions,,,,,
1983,NFL,50,Divisional,NFC Divisional,Redskins,51,7,,Rams,,,,,
1983,NFL,100,ConferenceChampionship,AFC Championship,Raiders,30,14,,Seahawks,,,,,
1983,NFL,100,ConferenceChampionship,NFC Championship,Redskins,24,21,,49ers,,,,,
1983,NFL,200,SuperBowl,Super Bowl,Raiders,38,9,,Redskins,Tampa Stadium,72920,XVIII,,
1984,NFL,25,Wildcard,AFC Wildcard,Seahawks,13,7,,Raiders,,,,,
1984,NFL,25,Wildcard,NFC Wildcard,Giants,16,13,,Rams,,,,,
1984,NFL,50,Divisional,AFC Divisional,Dolphins,31,10,,Seahawks,,,,,
1984,NFL,50,Divisional,AFC Divisional,Steelers,24,17,,Broncos,,,,,
1984,NFL,50,Divisional,NFC Divisional,49ers,21,10,,Giants,,,,,
1984,NFL,50,Divisional,NFC Divisional,Bears,23,19,,Redskins,,,,,
1984,NFL,100,ConferenceChampionship,AFC Championship,Dolphins,45,28,,Steelers,,,,,
1984,NFL,100,ConferenceChampionship,NFC Championship,49ers,23,0,,Bears,,,,,
1984,NFL,200,SuperBowl,Super Bowl,49ers,38,16,,Dolphins,Stanford Stadium,84059,XIX,,
1985,NFL,25,Wildcard,AFC Wildcard,Patriots,26,14,,Jets,,,,,
1985,NFL,25,Wildcard,NFC Wildcard,Giants,17,3,,49ers,,,,,
1985,NFL,50,Divisional,AFC Divisional,Dolphins,24,21,,Browns,,,,,
1985,NFL,50,Divisional,AFC Divisional,Patriots,27,20,,Raiders,,,,,
1985,NFL,50,Divisional,NFC Divisional,Rams,20,0,,Cowboys,,,,,
1985,NFL,50,Divisional,NFC Divisional,Bears,21,0,,Giants,,,,,
1985,NFL,100,ConferenceChampionship,AFC Championship,Patriots,31,14,,Dolphins,,,,,
1985,NFL,100,ConferenceChampionship,NFC Championship,Bears,24,0,,Rams,,,,,
1985,NFL,200,SuperBowl,Super Bowl,Bears,46,10,,Patriots,Louisiana Superdome,73818,XX,,
1986,NFL,25,Wildcard,AFC Wildcard,Jets,35,15,,Chiefs,,,,,
1986,NFL,25,Wildcard,NFC Wildcard,Redskins,19,7,,Rams,,,,,
1986,NFL,50,Divisional,AFC Divisional,Browns,23,20,2OT,Jets,,,,,
1986,NFL,50,Divisional,AFC Divisional,Broncos,22,17,,Patriots,,,,,
1986,NFL,50,Divisional,NFC Divisional,Redskins,27,13,,Bears,,,,,
1986,NFL,50,Divisional,NFC Divisional,Giants,49,3,,49ers,,,,,
1986,NFL,100,ConferenceChampionship,AFC Championship,Broncos,23,20,OT,Browns,,,,,
1986,NFL,100,ConferenceChampionship,NFC Championship,Giants,17,0,,Redskins,,,,,
1986,NFL,200,SuperBowl,Super Bowl,Giants,39,20,,Broncos,Rose Bowl,101063,XXI,,
1987,NFL,25,Wildcard,AFC Wildcard,Titans,23,20,,Seahawks,,,,,
1987,NFL,25,Wildcard,NFC Wildcard,Vikings,44,10,,Saints,,,,,
1987,NFL,50,Divisional,AFC Divisional,Browns,38,21,,Colts,,,,,
1987,NFL,50,Divisional,AFC Divisional,Broncos,34,10,,Chiefs,,,,,
1987,NFL,50,Divisional,NFC Divisional,Vikings,36,24,,49ers,,,,,
1987,NFL,50,Divisional,NFC Divisional,Redskins,21,17,,Bears,,,,,
1987,NFL,100,ConferenceChampionship,AFC Championship,Broncos,38,33,,Browns,,,,,
1987,NFL,100,ConferenceChampionship,NFC Championship,Redskins,17,10,,Vikings,,,,,
1987,NFL,200,SuperBowl,Super Bowl,Redskins,42,10,,Broncos,Jack Murphy Stadium,73302,XXII,,
1988,NFL,25,Wildcard,AFC Wildcard,Titans,24,23,,Browns,,,,,
1988,NFL,25,Wildcard,NFC Wildcard,Vikings,28,17,,Rams,,,,,
1988,NFL,50,Divisional,AFC Divisional,Bengals,21,13,,Seahawks,,,,,
1988,NFL,50,Divisional,AFC Divisional,Bills,17,10,,Chiefs,,,,,
1988,NFL,50,Divisional,NFC Divisional,Bears,20,12,,Eagles,,,,,
1988,NFL,50,Divisional,NFC Divisional,49ers,34,9,,Vikings,,,,,
1988,NFL,100,ConferenceChampionship,AFC Championship,Bengals,21,10,,Bills,,,,,
1988,NFL,100,ConferenceChampionship,NFC Championship,49ers,28,3,,Bears,,,,,
1988,NFL,200,SuperBowl,Super Bowl,49ers,20,16,,Bengals,Joe Robbie Stadium,75129,XXIII,,
1989,NFL,25,Wildcard,AFC Wildcard,Steelers,26,23,,Chiefs,,,,,
1989,NFL,25,Wildcard,NFC Wildcard,Rams,21,7,,Eagles,,,,,
1989,NFL,50,Divisional,AFC Divisional,Browns,34,30,,Bills,,,,,
1989,NFL,50,Divisional,AFC Divisional,Broncos,24,23,,Steelers,,,,,
1989,NFL,50,Divisional,NFC Divisional,Rams,19,13,OT,Giants,,,,,
1989,NFL,50,Divisional,NFC Divisional,49ers,41,13,,Vikings,,,,,
1989,NFL,100,ConferenceChampionship,AFC Championship,Broncos,37,21,,Browns,,,,,
1989,NFL,100,ConferenceChampionship,NFC Championship,49ers,30,3,,Rams,,,,,
1989,NFL,200,SuperBowl,Super Bowl,49ers,55,10,,Broncos,Louisiana Superdome,72919,XXIV,,
1990,NFL,25,Wildcard,AFC Wildcard,Dolphins,17,16,,Chiefs,,,,,
1990,NFL,25,Wildcard,AFC Wildcard,Bengals,41,14,,Chiefs,,,,,
1990,NFL,25,Wildcard,NFC Wildcard,Redskins,20,6,,Eagles,,,,,
1990,NFL,25,Wildcard,NFC Wildcard,Bears,16,6,,Saints,,,,,
1990,NFL,50,Divisional,AFC Divisional,Bills,44,34,,Dolphins,,,,,
1990,NFL,50,Divisional,AFC Divisional,Raiders,20,10,,Bengals,,,,,
1990,NFL,50,Divisional,NFC Divisional,49ers,28,10,,Redskins,,,,,
1990,NFL,50,Divisional,NFC Divisional,Giants,31,3,,Bears,,,,,
1990,NFL,100,ConferenceChampionship,AFC Championship,Bills,51,3,,Raiders,,,,,
1990,NFL,100,ConferenceChampionship,NFC Championship,Giants,15,13,,49ers,,,,,
1990,NFL,200,SuperBowl,Super Bowl,Giants,20,19,,Bills,Tampa Stadium,73813,XXV,,
1991,NFL,25,Wildcard,AFC Wildcard,Chiefs,10,6,,Raiders,,,,,
1991,NFL,25,Wildcard,AFC Wildcard,Titans,17,10,,Jets,,,,,
1991,NFL,25,Wildcard,NFC Wildcard,Falcons,27,20,,Saints,,,,,
1991,NFL,25,Wildcard,NFC Wildcard,Cowboys,17,13,,Bears,,,,,
1991,NFL,50,Divisional,AFC Divisional,Broncos,26,24,,Chiefs,,,,,
1991,NFL,50,Divisional,AFC Divisional,Bills,37,14,,Chiefs,,,,,
1991,NFL,50,Divisional,NFC Divisional,Redskins,24,7,,Falcons,,,,,
1991,NFL,50,Divisional,NFC Divisional,Lions,38,6,,Cowboys,,,,,
1991,NFL,100,ConferenceChampionship,AFC Championship,Bills,10,7,,Broncos,,,,,
1991,NFL,100,ConferenceChampionship,NFC Championship,Redskins,41,10,,Lions,,,,,
1991,NFL,200,SuperBowl,Super Bowl,Redskins,37,24,,Bills,Hubert H. Humphrey Metrodome,63130,XXVI,,
1992,NFL,25,Wildcard,AFC Wildcard,Chargers,17,0,,Chiefs,,,,,
1992,NFL,25,Wildcard,AFC Wildcard,Bills,41,38,OT,Chiefs,,,,,
1992,NFL,25,Wildcard,NFC Wildcard,Redskins,24,7,,Vikings,,,,,
1992,NFL,25,Wildcard,NFC Wildcard,Eagles,36,20,,Saints,,,,,
1992,NFL,50,Divisional,AFC Divisional,Bills,24,3,,Steelers,,,,,
1992,NFL,50,Divisional,AFC Divisional,Dolphins,31,0,,Chargers,,,,,
1992,NFL,50,Divisional,NFC Divisional,49ers,20,13,,Redskins,,,,,
1992,NFL,50,Divisional,NFC Divisional,Cowboys,34,10,,Eagles,,,,,
1992,NFL,100,ConferenceChampionship,AFC Championship,Bills,29,10,,Dolphins,,,,,
1992,NFL,100,ConferenceChampionship,NFC Championship,Cowboys,30,20,,49ers,,,,,
1992,NFL,200,SuperBowl,Super Bowl,Cowboys,52,17,,Bills,Rose Bowl,98374,XXVII,,
1993,NFL,25,Wildcard,AFC Wildcard,Chiefs,27,24,OT,Steelers,,,,,
1993,NFL,25,Wildcard,AFC Wildcard,Raiders,42,24,,Broncos,,,,,
1993,NFL,25,Wildcard,NFC Wildcard,Packers,28,24,,Lions,,,,,
1993,NFL,25,Wildcard,NFC Wildcard,Giants,17,10,,Vikings,,,,,
1993,NFL,50,Divisional,AFC Divisional,Bills,29,23,,Raiders,,,,,
1993,NFL,50,Divisional,AFC Divisional,Chiefs,28,20,,Chiefs,,,,,
1993,NFL,50,Divisional,NFC Divisional,49ers,44,3,,Giants,,,,,
1993,NFL,50,Divisional,NFC Divisional,Cowboys,27,17,,Packers,,,,,
1993,NFL,100,ConferenceChampionship,AFC Championship,Bills,30,13,,Chiefs,,,,,
1993,NFL,100,ConferenceChampionship,NFC Championship,Cowboys,38,21,,49ers,,,,,
1993,NFL,200,SuperBowl,Super Bowl,Cowboys,30,13,,Bills,Georgia Dome,72817,XXVIII,,
1994,NFL,25,Wildcard,AFC Wildcard,Dolphins,27,17,,Chiefs,,,,,
1994,NFL,25,Wildcard,AFC Wildcard,Browns,20,13,,Patriots,,,,,
1994,NFL,25,Wildcard,NFC Wildcard,Packers,16,12,,Lions,,,,,
1994,NFL,25,Wildcard,NFC Wildcard,Bears,35,18,,Vikings,,,,,
1994,NFL,50,Divisional,AFC Divisional,Steelers,29,9,,Browns,,,,,
1994,NFL,50,Divisional,AFC Divisional,Chargers,22,21,,Dolphins,,,,,
1994,NFL,50,Divisional,NFC Divisional,49ers,44,15,,Bears,,,,,
1994,NFL,50,Divisional,NFC Divisional,Cowboys,35,9,,Packers,,,,,
1994,NFL,100,ConferenceChampionship,AFC Championship,Chargers,17,13,,Steelers,,,,,
1994,NFL,100,ConferenceChampionship,NFC Championship,49ers,38,28,,Cowboys,,,,,
1994,NFL,200,SuperBowl,Super Bowl,49ers,49,26,,Chargers,Joe Robbie Stadium,74107,XXIX,,
1995,NFL,25,Wildcard,AFC Wildcard,Bills,37,22,,Dolphins,,,,,
1995,NFL,25,Wildcard,AFC Wildcard,Colts,35,20,,Chargers,,,,,
1995,NFL,25,Wildcard,NFC Wildcard,Packers,37,20,,Falcons,,,,,
1995,NFL,25,Wildcard,NFC Wildcard,Eagles,58,37,,Lions,,,,,
1995,NFL,50,Divisional,AFC Divisional,Steelers,40,21,,Bills,,,,,
1995,NFL,50,Divisional,AFC Divisional,Colts,10,7,,Chiefs,,,,,
1995,NFL,50,Divisional,NFC Divisional,Packers,27,17,,49ers,,,,,
1995,NFL,50,Divisional,NFC Divisional,Cowboys,30,11,,Eagles,,,,,
1995,NFL,100,ConferenceChampionship,AFC Championship,Steelers,20,16,,Colts,,,,,
1995,NFL,100,ConferenceChampionship,NFC Championship,Cowboys,38,27,,Packers,,,,,
1995,NFL,200,SuperBowl,Super Bowl,Cowboys,27,17,,Steelers,Sun Devil Stadium,76347,XXX,,
1996,NFL,25,Wildcard,AFC Wildcard,Jaguars,30,27,,Bills,,,,,
1996,NFL,25,Wildcard,AFC Wildcard,Steelers,42,14,,Colts,,,,,
1996,NFL,25,Wildcard,NFC Wildcard,Cowboys,40,15,,Vikings,,,,,
1996,NFL,25,Wildcard,NFC Wildcard,49ers,14,0,,Eagles,,,,,
1996,NFL,50,Divisional,AFC Divisional,Jaguars,30,27,,Broncos,,,,,
1996,NFL,50,Divisional,AFC Divisional,Patriots,28,3,,Steelers,,,,,
1996,NFL,50,Divisional,NFC Divisional,Packers,35,14,,49ers,,,,,
1996,NFL,50,Divisional,NFC Divisional,Panthers,26,17,,Cowboys,,,,,
1996,NFL,100,ConferenceChampionship,AFC Championship,Patriots,20,6,,Jaguars,,,,,
1996,NFL,100,ConferenceChampionship,NFC Championship,Packers,30,13,,Panthers,,,,,
1996,NFL,200,SuperBowl,Super Bowl,Packers,35,21,,Patriots,Louisiana Superdome,72301,XXXI,,
1997,NFL,25,Wildcard,AFC Wildcard,Patriots,17,3,,Dolphins,,,,,
1997,NFL,25,Wildcard,AFC Wildcard,Broncos,42,17,,Jaguars,,,,,
1997,NFL,25,Wildcard,NFC Wildcard,Vikings,23,22,,Giants,,,,,
1997,NFL,25,Wildcard,NFC Wildcard,Buccaneers,20,10,,Lions,,,,,
1997,NFL,50,Divisional,AFC Divisional,Steelers,7,6,,Patriots,,,,,
1997,NFL,50,Divisional,AFC Divisional,Broncos,14,10,,Chiefs,,,,,
1997,NFL,50,Divisional,NFC Divisional,49ers,38,22,,Vikings,,,,,
1997,NFL,50,Divisional,NFC Divisional,Packers,21,7,,Buccaneers,,,,,
1997,NFL,100,ConferenceChampionship,AFC Championship,Broncos,24,21,,Steelers,,,,,
1997,NFL,100,ConferenceChampionship,NFC Championship,Packers,23,10,,49ers,,,,,
1997,NFL,200,SuperBowl,Super Bowl,Broncos,31,24,,Packers,Qualcomm Stadium,68912,XXXII,,
1998,NFL,25,Wildcard,AFC Wildcard,Dolphins,24,17,,Bills,,,,,
1998,NFL,25,Wildcard,AFC Wildcard,Jaguars,25,10,,Patriots,,,,,
1998,NFL,25,Wildcard,NFC Wildcard,Cardinals,20,7,,Cowboys,,,,,
1998,NFL,25,Wildcard,NFC Wildcard,49ers,30,27,,Packers,,,,,
1998,NFL,50,Divisional,AFC Divisional,Broncos,38,3,,Dolphins,,,,,
1998,NFL,50,Divisional,AFC Divisional,Jets,34,24,,Jaguars,,,,,
1998,NFL,50,Divisional,NFC Divisional,Falcons,20,18,,49ers,,,,,
1998,NFL,50,Divisional,NFC Divisional,Vikings,41,21,,Cardinals,,,,,
1998,NFL,100,ConferenceChampionship,AFC Championship,Broncos,23,10,,Jets,,,,,
1998,NFL,100,ConferenceChampionship,NFC Championship,Falcons,30,27,OT,Vikings,,,,,
1998,NFL,200,SuperBowl,Super Bowl,Broncos,34,19,,Falcons,Pro Player Stadium,74803,XXXIII,,
1999,NFL,25,Wildcard,AFC Wildcard,Titans,22,16,,Bills,,,,,
1999,NFL,25,Wildcard,AFC Wildcard,Dolphins,20,17,,Seahawks,,,,,
1999,NFL,25,Wildcard,NFC Wildcard,Redskins,27,13,,Lions,,,,,
1999,NFL,25,Wildcard,NFC Wildcard,Vikings,27,10,,Cowboys,,,,,
1999,NFL,50,Divisional,AFC Divisional,Jaguars,62,7,,Dolphins,,,,,
1999,NFL,50,Divisional,AFC Divisional,Titans,19,16,,Colts,,,,,
1999,NFL,50,Divisional,NFC Divisional,Buccaneers,14,13,,Redskins,,,,,
1999,NFL,50,Divisional,NFC Divisional,Rams,49,37,,Vikings,,,,,
1999,NFL,100,ConferenceChampionship,AFC Championship,Titans,33,14,,Jaguars,,,,,
1999,NFL,100,ConferenceChampionship,NFC Championship,Rams,11,6,,Buccaneers,,,,,
1999,NFL,200,SuperBowl,Super Bowl,Rams,23,16,,Chiefs,Georgia Dome,72625,XXXIV,,
2000,NFL,25,Wildcard,AFC Wildcard,Dolphins,23,17,OT,Colts,,,,,
2000,NFL,25,Wildcard,AFC Wildcard,Ravens,21,3,,Broncos,,,,,
2000,NFL,25,Wildcard,NFC Wildcard,Saints,31,28,,Rams,,,,,
2000,NFL,25,Wildcard,NFC Wildcard,Eagles,21,3,,Buccaneers,,,,,
2000,NFL,50,Divisional,AFC Divisional,Raiders,27,0,,Dolphins,,,,,
2000,NFL,50,Divisional,AFC Divisional,Ravens,24,10,,Chiefs,,,,,
2000,NFL,50,Divisional,NFC Divisional,Vikings,34,16,,Saints,,,,,
2000,NFL,50,Divisional,NFC Divisional,Giants,20,10,,Eagles,,,,,
2000,NFL,100,ConferenceChampionship,AFC Championship,Ravens,16,3,,Raiders,,,,,
2000,NFL,100,ConferenceChampionship,NFC Championship,Giants,41,0,,Vikings,,,,,
2000,NFL,200,SuperBowl,Super Bowl,Ravens,34,7,,Giants,Raymond James Stadium,71921,XXXV,,
2001,NFL,25,Wildcard,AFC Wildcard,Raiders,38,24,,Jets,,,,,
2001,NFL,25,Wildcard,AFC Wildcard,Ravens,20,3,,Dolphins,,,,,
2001,NFL,25,Wildcard,NFC Wildcard,Eagles,31,9,,Buccaneers,,,,,
2001,NFL,25,Wildcard,NFC Wildcard,Packers,25,15,,49ers,,,,,
2001,NFL,50,Divisional,AFC Divisional,Patriots,16,13,OT,Raiders,,,,,
2001,NFL,50,Divisional,AFC Divisional,Steelers,27,10,,Ravens,,,,,
2001,NFL,50,Divisional,NFC Divisional,Eagles,33,19,,Bears,,,,,
2001,NFL,50,Divisional,NFC Divisional,Rams,45,17,,Packers,,,,,
2001,NFL,100,ConferenceChampionship,AFC Championship,Patriots,24,17,,Steelers,,,,,
2001,NFL,100,ConferenceChampionship,NFC Championship,Rams,29,24,,Eagles,,,,,
2001,NFL,200,SuperBowl,Super Bowl,Patriots,20,17,,Rams,Louisiana Superdome,72922,XXXVI,,
2002,NFL,25,Wildcard,AFC Wildcard,Jets,41,0,,Colts,,,,,
2002,NFL,25,Wildcard,AFC Wildcard,Steelers,36,33,,Browns,,,,,
2002,NFL,25,Wildcard,NFC Wildcard,Falcons,27,7,,Packers,,,,,
2002,NFL,25,Wildcard,NFC Wildcard,49ers,39,38,,Giants,,,,,
2002,NFL,50,Divisional,AFC Divisional,Titans,34,31,OT,Steelers,,,,,
2002,NFL,50,Divisional,AFC Divisional,Raiders,30,10,,Jets,,,,,
2002,NFL,50,Divisional,NFC Divisional,Buccaneers,31,6,,49ers,,,,,
2002,NFL,50,Divisional,NFC Divisional,Eagles,20,6,,Falcons,,,,,
2002,NFL,100,ConferenceChampionship,AFC Championship,Raiders,41,24,,Chiefs,,,,,
2002,NFL,100,ConferenceChampionship,NFC Championship,Buccaneers,27,10,,Eagles,,,,,
2002,NFL,200,SuperBowl,Super Bowl,Buccaneers,48,21,,Raiders,Qualcomm Stadium,67603,XXXVII,,
2003,NFL,25,Wildcard,AFC Wildcard,Titans,20,17,,Ravens,,,,,
2003,NFL,25,Wildcard,AFC Wildcard,Colts,41,10,,Broncos,,,,,
2003,NFL,25,Wildcard,NFC Wildcard,Panthers,29,10,,Cowboys,,,,,
2003,NFL,25,Wildcard,NFC Wildcard,Packers,33,27,OT,Seahawks,,,,,
2003,NFL,50,Divisional,AFC Divisional,Patriots,17,14,,Chiefs,,,,,
2003,NFL,50,Divisional,AFC Divisional,Colts,38,31,,Chiefs,,,,,
2003,NFL,50,Divisional,NFC Divisional,Panthers,29,23,OT,Rams,,,,,
2003,NFL,50,Divisional,NFC Divisional,Eagles,20,17,OT,Packers,,,,,
2003,NFL,100,ConferenceChampionship,AFC Championship,Patriots,24,14,,Colts,,,,,
2003,NFL,100,ConferenceChampionship,NFC Championship,Panthers,14,3,,Eagles,,,,,
2003,NFL,200,SuperBowl,Super Bowl,Patriots,32,29,,Panthers,Reliant Stadium,71525,XXXVIII,,
2004,NFL,25,Wildcard,AFC Wildcard,Jets,20,17,OT,Chargers,,,,,
2004,NFL,25,Wildcard,AFC Wildcard,Colts,49,24,,Broncos,,,,,
2004,NFL,25,Wildcard,NFC Wildcard,Rams,27,20,,Seahawks,,,,,
2004,NFL,25,Wildcard,NFC Wildcard,Vikings,31,17,,Packers,,,,,
2004,NFL,50,Divisional,AFC Divisional,Steelers,20,17,OT,Jets,,,,,
2004,NFL,50,Divisional,AFC Divisional,Patriots,20,3,,Colts,,,,,
2004,NFL,50,Divisional,NFC Divisional,Falcons,47,17,,Rams,,,,,
2004,NFL,50,Divisional,NFC Divisional,Eagles,27,14,,Vikings,,,,,
2004,NFL,100,ConferenceChampionship,AFC Championship,Patriots,41,27,,Steelers,,,,,
2004,NFL,100,ConferenceChampionship,NFC Championship,Eagles,27,10,,Falcons,,,,,
2004,NFL,200,SuperBowl,Super Bowl,Patriots,24,21,,Eagles,Alltel Stadium,78125,XXXIX,,
2005,NFL,25,Wildcard,AFC Wildcard,Patriots,28,3,,Jaguars,,,,,
2005,NFL,25,Wildcard,AFC Wildcard,Steelers,31,17,,Bengals,,,,,
2005,NFL,25,Wildcard,NFC Wildcard,Redskins,17,10,,Buccaneers,,,,,
2005,NFL,25,Wildcard,NFC Wildcard,Panthers,23,0,,Giants,,,,,
2005,NFL,50,Divisional,AFC Divisional,Broncos,27,13,,Patriots,,,,,
2005,NFL,50,Divisional,AFC Divisional,Steelers,21,18,,Colts,,,,,
2005,NFL,50,Divisional,NFC Divisional,Seahawks,20,10,,Redskins,,,,,
2005,NFL,50,Divisional,NFC Divisional,Panthers,29,21,,Bears,,,,,
2005,NFL,100,ConferenceChampionship,AFC Championship,Steelers,34,17,,Broncos,,,,,
2005,NFL,100,ConferenceChampionship,NFC Championship,Seahawks,34,14,,Panthers,,,,,
2005,NFL,200,SuperBowl,Super Bowl,Steelers,21,10,,Seahawks,Ford Field,68206,XL,,
2006,NFL,25,Wildcard,AFC Wildcard,Colts,23,8,,Chiefs,,,,,
2006,NFL,25,Wildcard,AFC Wildcard,Patriots,37,16,,Jets,,,,,
2006,NFL,25,Wildcard,NFC Wildcard,Seahawks,21,20,,Cowboys,,,,,
2006,NFL,25,Wildcard,NFC Wildcard,Eagles,23,20,,Giants,,,,,
2006,NFL,50,Divisional,AFC Divisional,Colts,15,6,,Ravens,,,,,
2006,NFL,50,Divisional,AFC Divisional,Patriots,24,21,,Chargers,,,,,
2006,NFL,50,Divisional,NFC Divisional,Saints,27,24,,Eagles,,,,,
2006,NFL,50,Divisional,NFC Divisional,Bears,27,24,OT,Seahawks,,,,,
2006,NFL,100,ConferenceChampionship,AFC Championship,Colts,38,34,,Patriots,,,,,
2006,NFL,100,ConferenceChampionship,NFC Championship,Bears,39,14,,Saints,,,,,
2006,NFL,200,SuperBowl,Super Bowl,Colts,29,17,,Bears,Dolphin Stadium,74512,XLI,,
2007,NFL,25,Wildcard,AFC Wildcard,Chargers,17,6,,Chiefs,,,,,
2007,NFL,25,Wildcard,AFC Wildcard,Jaguars,31,29,,Steelers,,,,,
2007,NFL,25,Wildcard,NFC Wildcard,Seahawks,35,14,,Redskins,,,,,
2007,NFL,25,Wildcard,NFC Wildcard,Giants,24,14,,Buccaneers,,,,,
2007,NFL,50,Divisional,AFC Divisional,Patriots,31,20,,Jaguars,,,,,
2007,NFL,50,Divisional,AFC Divisional,Chargers,28,24,,Colts,,,,,
2007,NFL,50,Divisional,NFC Divisional,Giants,21,17,,Cowboys,,,,,
2007,NFL,50,Divisional,NFC Divisional,Packers,42,20,,Seahawks,,,,,
2007,NFL,100,ConferenceChampionship,AFC Championship,Patriots,21,12,,Chargers,,,,,
2007,NFL,100,ConferenceChampionship,NFC Championship,Giants,23,20,OT,Packers,,,,,
2007,NFL,200,SuperBowl,Super Bowl,Giants,17,14,,Patriots,University of Phoenix Stadium,71101,XLII,,
2008,NFL,25,Wildcard,AFC Wildcard,Chargers,23,17,OT,Colts,,,,,
2008,NFL,25,Wildcard,AFC Wildcard,Ravens,27,9,,Dolphins,,,,,
2008,NFL,25,Wildcard,NFC Wildcard,Cardinals,30,24,,Falcons,,,,,
2008,NFL,25,Wildcard,NFC Wildcard,Eagles,26,14,,Vikings,,,,,
2008,NFL,50,Divisional,AFC Divisional,Ravens,13,10,,Chiefs,,,,,
2008,NFL,50,Divisional,AFC Divisional,Steelers,35,24,,Chargers,,,,,
2008,NFL,50,Divisional,NFC Divisional,Cardinals,33,13,,Panthers,,,,,
2008,NFL,50,Divisional,NFC Divisional,Eagles,23,11,,Giants,,,,,
2008,NFL,100,ConferenceChampionship,AFC Championship,Steelers,23,14,,Ravens,,,,,
2008,NFL,100,ConferenceChampionship,NFC Championship,Cardinals,32,25,,Eagles,,,,,
2008,NFL,200,SuperBowl,Super Bowl,Steelers,27,23,,Cardinals,Raymond James Stadium,70774,XLIII,,
2009,NFL,25,Wildcard,AFC Wildcard,Jets,24,14,,Bengals,,,,,
2009,NFL,25,Wildcard,AFC Wildcard,Ravens,33,14,,Patriots,,,,,
2009,NFL,25,Wildcard,NFC Wildcard,Cowboys,34,14,,Eagles,,,,,
2009,NFL,25,Wildcard,NFC Wildcard,Cardinals,51,45,OT,Packers,,,,,
2009,NFL,50,Divisional,AFC Divisional,Colts,20,3,,Ravens,,,,,
2009,NFL,50,Divisional,AFC Divisional,Jets,17,14,,Chargers,,,,,
2009,NFL,50,Divisional,NFC Divisional,Saints,45,14,,Cardinals,,,,,
2009,NFL,50,Divisional,NFC Divisional,Vikings,34,3,,Cowboys,,,,,
2009,NFL,100,ConferenceChampionship,AFC Championship,Colts,30,17,,Jets,,,,,
2009,NFL,100,ConferenceChampionship,NFC Championship,Saints,31,28,OT,Vikings,,,,,
2009,NFL,200,SuperBowl,Super Bowl,Saints,31,17,,Colts,Sun Life Stadium,74059,XLIV,,
2010,NFL,25,Wildcard,AFC Wildcard,Jets,17,16,,Colts,,,,,
2010,NFL,25,Wildcard,AFC Wildcard,Ravens,30,7,,Chiefs,,,,,
2010,NFL,25,Wildcard,NFC Wildcard,Seahawks,41,36,,Saints,,,,,
2010,NFL,25,Wildcard,NFC Wildcard,Packers,21,16,,Eagles,,,,,
2010,NFL,50,Divisional,AFC Divisional,Steelers,31,24,,Ravens,,,,,
2010,NFL,50,Divisional,AFC Divisional,Jets,28,21,,Patriots,,,,,
2010,NFL,50,Divisional,NFC Divisional,Packers,48,21,,Falcons,,,,,
2010,NFL,50,Divisional,NFC Divisional,Bears,35,24,,Seahawks,,,,,
2010,NFL,100,ConferenceChampionship,AFC Championship,Steelers,24,19,,Jets,,,,,
2010,NFL,100,ConferenceChampionship,NFC Championship,Packers,21,14,,Bears,,,,,
2010,NFL,200,SuperBowl,Super Bowl,Packers,31,25,,Steelers,Cowboys Stadium,103219,XLV,,
2011,NFL,25,Wildcard,AFC Wildcard,Texans,31,10,,Bengals,,,,,
2011,NFL,25,Wildcard,AFC Wildcard,Broncos,29,23,OT,Steelers,,,,,
2011,NFL,25,Wildcard,NFC Wildcard,Saints,45,28,,Lions,,,,,
2011,NFL,25,Wildcard,NFC Wildcard,Giants,24,2,,Falcons,,,,,
2011,NFL,50,Divisional,AFC Divisional,Ravens,20,13,,Texans,,,,,
2011,NFL,50,Divisional,AFC Divisional,Patriots,45,10,,Broncos,,,,,
2011,NFL,50,Divisional,NFC Divisional,49ers,36,32,,Saints,,,,,
2011,NFL,50,Divisional,NFC Divisional,Giants,37,20,,Packers,,,,,
2011,NFL,100,ConferenceChampionship,AFC Championship,Patriots,23,20,,Ravens,,,,,
2011,NFL,100,ConferenceChampionship,NFC Championship,Giants,20,17,OT,49ers,,,,,
2011,NFL,200,SuperBowl,Super Bowl,Giants,21,17,,Patriots,Lucas Oil Stadium,68658,XLVI,,
2012,NFL,25,Wildcard,AFC Wildcard,Texans,19,13,,Bengals,,,,,
2012,NFL,25,Wildcard,AFC Wildcard,Ravens,24,9,,Colts,,,,,
2012,NFL,25,Wildcard,NFC Wildcard,Packers,24,10,,Vikings,,,,,
2012,NFL,25,Wildcard,NFC Wildcard,Seahawks,24,14,,Redskins,,,,,
2012,NFL,50,Divisional,AFC Divisional,Ravens,38,35,OT,Broncos,,,,,
2012,NFL,50,Divisional,AFC Divisional,Patriots,41,28,,Texans,,,,,
2012,NFL,50,Divisional,NFC Divisional,49ers,45,31,,Packers,,,,,
2012,NFL,50,Divisional,NFC Divisional,Falcons,30,28,,Seahawks,,,,,
2012,NFL,100,ConferenceChampionship,AFC Championship,Ravens,28,13,,Patriots,,,,,
2012,NFL,100,ConferenceChampionship,NFC Championship,49ers,28,24,,Falcons,,,,,
2012,NFL,200,SuperBowl,Super Bowl,Ravens,34,31,,49ers,Mercedes-Benz Superdome,71024,XLVII,,
2013,NFL,25,Wildcard,AFC Wildcard,Colts,45,44,,Chiefs,,,,,
2013,NFL,25,Wildcard,AFC Wildcard,Chargers,27,10,,Bengals,,,,,
2013,NFL,25,Wildcard,NFC Wildcard,Saints,26,24,,Eagles,,,,,
2013,NFL,25,Wildcard,NFC Wildcard,49ers,23,20,,Packers,,,,,
2013,NFL,50,Divisional,AFC Divisional,Broncos,24,17,,Chargers,,,,,
2013,NFL,50,Divisional,AFC Divisional,Patriots,43,22,,Colts,,,,,
2013,NFL,50,Divisional,NFC Divisional,Seahawks,23,15,,Saints,,,,,
2013,NFL,50,Divisional,NFC Divisional,49ers,23,10,,Panthers,,,,,
2013,NFL,100,ConferenceChampionship,AFC Championship,Broncos,26,16,,Patriots,,,,,
2013,NFL,100,ConferenceChampionship,NFC Championship,Seahawks,23,17,,49ers,,,,,
2013,NFL,200,SuperBowl,Super Bowl,Seahawks,43,8,,Broncos,MetLife Stadium,82529,XLVIII,,
2014,NFL,25,Wildcard,AFC Wildcard,Ravens,30,17,,Steelers,,,,,
2014,NFL,25,Wildcard,AFC Wildcard,Colts,26,10,,Bengals,,,,,
2014,NFL,25,Wildcard,NFC Wildcard,Panthers,27,16,,Cardinals,,,,,
2014,NFL,25,Wildcard,NFC Wildcard,Cowboys,24,20,,Lions,,,,,
2014,NFL,50,Divisional,AFC Divisional,Patriots,35,31,,Ravens,,,,,
2014,NFL,50,Divisional,AFC Divisional,Colts,24,13,,Broncos,,,,,
2014,NFL,50,Divisional,NFC Divisional,Seahawks,31,17,,Panthers,,,,,
2014,NFL,50,Divisional,NFC Divisional,Packers,26,21,,Cowboys,,,,,
2014,NFL,100,ConferenceChampionship,AFC Championship,Patriots,45,7,,Colts,,,,,
2014,NFL,100,ConferenceChampionship,NFC Championship,Seahawks,28,22,OT,Packers,,,,,
2014,NFL,200,SuperBowl,Super Bowl,Patriots,28,24,,Seahawks,University of Phoenix Stadium,70288,XLIX,,
2015,NFL,25,Wildcard,AFC Wildcard,Chiefs,30,0,,Texans,,,,,
2015,NFL,25,Wildcard,AFC Wildcard,Steelers,18,16,,Bengals,,,,,
2015,NFL,25,Wildcard,NFC Wildcard,Seahawks,10,9,,Vikings,,,,,
2015,NFL,25,Wildcard,NFC Wildcard,Packers,35,18,,Redskins,,,,,
2015,NFL,50,Divisional,AFC Divisional,Patriots,27,20,,Chiefs,,,,,
2015,NFL,50,Divisional,AFC Divisional,Broncos,23,16,,Steelers,,,,,
2015,NFL,50,Divisional,NFC Divisional,Cardinals,26,20,OT,Packers,,,,,
2015,NFL,50,Divisional,NFC Divisional,Panthers,31,24,,Seahawks,,,,,
2015,NFL,100,ConferenceChampionship,AFC Championship,Broncos,20,18,,Patriots,,,,,
2015,NFL,100,ConferenceChampionship,NFC Championship,Panthers,49,15,,Cardinals,,,,,
2015,NFL,200,SuperBowl,Super Bowl,Broncos,24,10,,Panthers,Levi's Stadium,71088,L,,
2016,NFL,25,Wildcard,AFC Wildcard,Texans,27,14,,Raiders,,,,,
2016,NFL,25,Wildcard,AFC Wildcard,Steelers,30,12,,Dolphins,,,,,
2016,NFL,25,Wildcard,NFC Wildcard,Seahawks,26,6,,Lions,,,,,
2016,NFL,25,Wildcard,NFC Wildcard,Packers,38,13,,Giants,,,,,
2016,NFL,50,Divisional,AFC Divisional,Patriots,34,16,,Texans,,,,,
2016,NFL,50,Divisional,AFC Divisional,Steelers,18,16,,Chiefs,,,,,
2016,NFL,50,Divisional,NFC Divisional,Falcons,36,20,,Seahawks,,,,,
2016,NFL,50,Divisional,NFC Divisional,Packers,34,31,,Cowboys,,,,,
2016,NFL,100,ConferenceChampionship,AFC Championship,Patriots,36,17,,Steelers,,,,,
2016,NFL,100,ConferenceChampionship,NFC Championship,Falcons,44,21,,Packers,,,,,
2016,NFL,200,SuperBowl,Super Bowl,Patriots,34,28,OT,Falcons,NRG Stadium,70807,LI,,
2017,NFL,25,Wildcard,AFC Wildcard,Titans,22,21,,Chiefs,,,,,
2017,NFL,25,Wildcard,AFC Wildcard,Jaguars,10,3,,Bills,,,,,
2017,NFL,25,Wildcard,NFC Wildcard,Falcons,26,13,,Rams,,,,,
2017,NFL,25,Wildcard,NFC Wildcard,Saints,31,26,,Panthers,,,,,
2017,NFL,50,Divisional,AFC Divisional,Patriots,35,14,,Chiefs,,,,,
2017,NFL,50,Divisional,AFC Divisional,Jaguars,45,42,,Steelers,,,,,
2017,NFL,50,Divisional,NFC Divisional,Eagles,15,10,,Falcons,,,,,
2017,NFL,50,Divisional,NFC Divisional,Vikings,29,24,,Saints,,,,,
2017,NFL,100,ConferenceChampionship,AFC Championship,Patriots,24,20,,Jaguars,,,,,
2017,NFL,100,ConferenceChampionship,NFC Championship,Eagles,38,7,,Vikings,,,,,
2017,NFL,200,SuperBowl,Super Bowl,Eagles,41,33,,Patriots,U.S. Bank Stadium,67612,LII,,
2018,NFL,25,Wildcard,AFC Wildcard,Colts,21,7,,Texans,,,,,
2018,NFL,25,Wildcard,AFC Wildcard,Chargers,23,17,,Ravens,,,,,
2018,NFL,25,Wildcard,NFC Wildcard,Cowboys,24,22,,Seahawks,,,,,
2018,NFL,25,Wildcard,NFC Wildcard,Eagles,16,15,,Bears,,,,,
2018,NFL,50,Divisional,AFC Divisional,Chiefs,31,13,,Colts,,,,,
2018,NFL,50,Divisional,AFC Divisional,Patriots,41,28,,Chargers,,,,,
2018,NFL,50,Divisional,NFC Divisional,Rams,30,22,,Cowboys,,,,,
2018,NFL,50,Divisional,NFC Divisional,Saints,20,14,,Eagles,,,,,
2018,NFL,100,ConferenceChampionship,AFC Championship,Patriots,37,31,OT,Chiefs,,,,,
2018,NFL,100,ConferenceChampionship,NFC Championship,Rams,26,23,OT,Saints,,,,,
2018,NFL,200,SuperBowl,Super Bowl,Patriots,13,3,,Rams,Mercedes-Benz Stadium,73019,LIII,,
